Date,Carysfort_Reef,North_Dry_Rocks,Grecian_Rocks,Pickles_Reef
20180101,25.35,24.46,24.46,25.1
20180102,24.99,24.12,24.12,24.65
20180103,25.07,24.17,24.17,24.83
20180104,24.89,24.17,24.17,24.87
20180105,24.77,24.18,24.18,24.91
20180106,24.88,24.24,24.24,24.91
20180107,24.32,23.39,23.39,24.06
20180108,24.14,22.96,22.96,23.87
20180109,24.04,22.93,22.93,23.71
20180110,24.7,23.7,23.7,24.6
20180111,24.82,23.99,23.99,24.66
20180112,24.85,24.28,24.28,24.79
20180113,24.47,23.92,23.92,24.31
20180114,24.52,23.86,23.86,24.35
20180115,24.67,23.87,23.87,24.38
20180116,24.7,23.94,23.94,24.45
20180117,24.07,23.29,23.29,23.95
20180118,23.9,23.21,23.21,23.93
20180119,24.14,23.31,23.31,23.99
20180120,24.29,23.27,23.27,23.85
20180121,24.17,22.95,22.95,23.4
20180122,23.97,22.61,22.61,23.24
20180123,24.02,22.61,22.61,23.33
20180124,24.17,23.14,23.14,23.91
20180125,24.16,23.24,23.24,23.86
20180126,24.5,23.57,23.57,23.89
20180127,24.75,23.93,23.93,24.19
20180128,24.77,24.05,24.05,24.25
20180129,24.44,23.72,23.72,23.97
20180130,24.66,23.81,23.81,23.92
20180131,23.96,22.78,22.78,22.98
20180201,23.41,22.26,22.26,22.96
20180202,23.57,22.53,22.53,23.36
20180203,24.14,23.37,23.37,23.93
20180204,24.38,23.52,23.52,24.24
20180205,24.49,23.9,23.9,24.57
20180206,23.98,23.63,23.63,24.12
20180207,24.19,24.02,24.02,24.31
20180208,24.25,24.2,24.2,24.47
20180209,24.24,24.22,24.22,24.37
20180210,24.4,24.36,24.36,24.44
20180211,24.64,24.69,24.69,24.73
20180212,24.66,24.62,24.62,24.61
20180213,24.54,24.53,24.53,24.53
20180214,24.42,24.34,24.34,24.35
20180215,24.51,24.37,24.37,24.41
20180216,24.73,24.53,24.53,24.64
20180217,24.87,24.7,24.7,24.84
20180218,25,24.85,24.85,25.01
20180219,25.11,25.01,25.01,25.12
20180220,25.17,25.07,25.07,25.19
20180221,25.21,25.13,25.13,25.29
20180222,25.24,25.13,25.13,25.29
20180223,25.32,25.1,25.1,25.29
20180224,25.85,25.55,25.55,25.68
20180225,25.75,25.49,25.49,25.65
20180226,25.72,25.63,25.63,25.76
20180227,25.75,25.75,25.75,25.86
20180228,26.03,26.05,26.05,26
20180301,26,25.88,25.88,25.8
20180302,25.77,25.58,25.58,25.58
20180303,25.51,25.21,25.21,25.4
20180304,25.16,24.73,24.73,25.02
20180305,25.04,24.49,24.49,24.86
20180306,25.37,24.8,24.8,25.06
20180307,25.5,24.97,24.97,25.35
20180308,25.57,24.8,24.8,25.32
20180309,25.57,24.67,24.67,25.43
20180310,24.87,23.99,23.99,24.65
20180311,24.78,24.09,24.09,24.77
20180312,25.21,24.37,24.37,25.03
20180313,25.62,24.69,24.69,25.17
20180314,25.63,24.72,24.72,25.14
20180315,25.67,24.31,24.31,24.87
20180316,25.41,24.21,24.21,24.85
20180317,25.42,24.4,24.4,25.13
20180318,25.54,24.86,24.86,25.29
20180319,25.56,25,25,25.56
20180320,25.83,25.43,25.43,25.83
20180321,26.01,26.05,26.05,26.04
20180322,25.62,25.37,25.37,25.6
20180323,25.31,24.98,24.98,25.23
20180324,25.19,24.88,24.88,25.12
20180325,25.41,25.09,25.09,25.27
20180326,25.27,24.83,24.83,25
20180327,24.92,24.44,24.44,24.81
20180328,24.76,24.28,24.28,24.76
20180329,24.82,24.41,24.41,24.89
20180330,25.02,24.64,24.64,25.04
20180331,24.95,24.59,24.59,24.86
20180401,25.39,25.28,25.28,25.43
20180402,25.52,25.48,25.48,25.52
20180403,26.02,25.87,25.87,26.1
20180404,26.19,25.89,25.89,26.31
20180405,25.97,25.9,25.9,26.08
20180406,25.71,25.58,25.58,25.74
20180407,25.8,25.81,25.81,25.9
20180408,26.15,26.23,26.23,26.24
20180409,26.37,26.45,26.45,26.42
20180410,26.62,26.68,26.68,26.62
20180411,26.35,26.24,26.24,26.34
20180412,26.07,25.77,25.77,25.78
20180413,25.79,25.53,25.53,25.62
20180414,25.94,25.73,25.73,25.85
20180415,25.98,25.74,25.74,25.91
20180416,25.94,25.66,25.66,25.8
20180417,25.94,25.58,25.58,25.75
20180418,25.89,25.52,25.52,25.68
20180419,25.69,25.31,25.31,25.5
20180420,25.64,25.31,25.31,25.51
20180421,25.78,25.66,25.66,25.75
20180422,26.07,26,26,25.98
20180423,26.33,26.25,26.25,26.37
20180424,26.52,26.55,26.55,26.52
20180425,26.38,26.25,26.25,26.29
20180426,26.24,25.96,25.96,26.03
20180427,26.2,25.89,25.89,25.98
20180428,26.13,25.86,25.86,25.95
20180429,25.92,25.69,25.69,25.85
20180430,25.79,25.55,25.55,25.9
20180501,25.91,25.65,25.65,26.03
20180502,25.79,25.42,25.42,25.77
20180503,25.79,25.32,25.32,25.64
20180504,25.92,25.55,25.55,25.88
20180505,26.29,25.95,25.95,26.16
20180506,26.65,26.27,26.27,26.4
20180507,26.45,26.13,26.13,26.27
20180508,26.24,26.11,26.11,26.13
20180509,26.26,26.16,26.16,26.1
20180510,26.41,26.28,26.28,26.29
20180511,26.31,26.13,26.13,26.28
20180512,26.3,26.11,26.11,26.32
20180513,25.86,25.61,25.61,25.78
20180514,26.63,26.35,26.35,26.46
20180515,26.5,26.25,26.25,26.37
20180516,26.14,25.88,25.88,26.01
20180517,26.1,25.9,25.9,26
20180518,26.33,26.18,26.18,26.36
20180519,26.37,26.33,26.33,26.58
20180520,26.11,26.13,26.13,26.35
20180521,26.22,26.26,26.26,26.45
20180522,26.56,26.54,26.54,26.72
20180523,26.95,26.95,26.95,27.26
20180524,27.07,27.05,27.05,27.15
20180525,26.64,26.61,26.61,26.41
20180526,26.39,26.54,26.54,26.35
20180527,26.32,26.47,26.47,26.34
20180528,26.74,26.8,26.8,26.72
20180529,26.91,27.03,27.03,27
20180530,26.83,27.04,27.04,27.06
20180531,26.69,26.91,26.91,26.89
20180601,27.54,27.67,27.67,27.6
20180602,27.79,27.82,27.82,27.99
20180603,28.15,28.09,28.09,28.29
20180604,27.95,27.99,27.99,28.02
20180605,27.82,28.06,28.06,28.26
20180606,28.25,28.75,28.75,28.79
20180607,28.73,29.12,29.12,29.04
20180608,28.72,29.01,29.01,28.95
20180609,28.69,29.01,29.01,28.96
20180610,28.22,28.55,28.55,28.44
20180611,27.8,28.08,28.08,28.06
20180612,27.67,27.87,27.87,27.8
20180613,28.1,28.2,28.2,28.01
20180614,28.09,28.24,28.24,28.09
20180615,28.39,28.58,28.58,28.45
20180616,28.37,28.62,28.62,28.4
20180617,28.69,28.78,28.78,28.64
20180618,28.76,28.84,28.84,28.72
20180619,28.38,28.91,28.91,28.73
20180620,28.65,29.18,29.18,29.12
20180621,28.98,29.31,29.31,29.3
20180622,29.26,29.61,29.61,29.55
20180623,29.75,29.99,29.99,29.89
20180624,30.04,30.04,30.04,30.06
20180625,29.36,29.51,29.51,29.41
20180626,29.27,29.63,29.63,29.37
20180627,29.24,29.74,29.74,29.35
20180628,29.24,29.7,29.7,29.42
20180629,29.1,29.57,29.57,29.38
20180630,29.7,30.07,30.07,29.82
20180701,29.77,30.1,30.1,29.78
20180702,29.65,30.01,30.01,29.71
20180703,29.63,29.98,29.98,29.7
20180704,29,29.39,29.39,29.1
20180705,29.01,29.36,29.36,28.94
20180706,28.95,29.31,29.31,28.84
20180707,28.98,29.37,29.37,29
20180708,29.29,29.7,29.7,29.24
20180709,29.42,29.79,29.79,29.4
20180710,29.54,29.99,29.99,29.62
20180711,29.58,29.9,29.9,29.73
20180712,29.6,29.91,29.91,29.75
20180713,29.65,29.97,29.97,29.7
20180714,29.71,30.04,30.04,29.83
20180715,29.55,30.01,30.01,29.81
20180716,29.67,30.06,30.06,29.75
20180717,29.62,29.87,29.87,29.41
20180718,29.93,30.18,30.18,29.74
20180719,30.46,30.94,30.94,30.42
20180720,30.12,30.54,30.54,30.13
20180721,30.09,30.41,30.41,30.12
20180722,30.09,30.42,30.42,30.11
20180723,30.09,30.36,30.36,30.01
20180724,30.51,30.76,30.76,30.48
20180725,30.5,30.69,30.69,30.49
20180726,30.36,30.48,30.48,30.28
20180727,30.35,30.49,30.49,30.27
20180728,30.43,30.61,30.61,30.3
20180729,30.56,30.78,30.78,30.53
20180730,30.06,30.29,30.29,30.19
20180731,29.9,30.1,30.1,30.04
20180801,29.57,29.77,29.77,29.62
20180802,29.43,29.55,29.55,29.49
20180803,29.42,29.43,29.43,29.37
20180804,29.36,29.31,29.31,29.28
20180805,29.42,29.49,29.49,29.46
20180806,29.53,29.59,29.59,29.48
20180807,29.47,29.48,29.48,29.4
20180808,29.29,29.4,29.4,29.2
20180809,29.3,29.56,29.56,29.23
20180810,29.53,29.72,29.72,29.41
20180811,29.67,29.83,29.83,29.61
20180812,29.76,29.98,29.98,29.87
20180813,29.82,29.99,29.99,29.87
20180814,30.02,30.16,30.16,30.01
20180815,29.85,29.95,29.95,29.68
20180816,29.67,29.66,29.66,29.31
20180817,29.65,29.71,29.71,29.56
20180818,29.66,29.93,29.93,29.69
20180819,29.74,30.06,30.06,29.74
20180820,29.81,30.17,30.17,29.75
20180821,29.82,30.04,30.04,29.78
20180822,29.88,30.04,30.04,29.83
20180823,29.86,30,30,29.82
20180824,29.94,30.01,30.01,29.89
20180825,30.1,30.28,30.28,30.11
20180826,30.19,30.45,30.45,30.23
20180827,29.75,30.01,30.01,29.85
20180828,29.69,29.83,29.83,29.59
20180829,29.51,29.59,29.59,29.49
20180830,29.51,29.56,29.56,29.43
20180831,29.27,29.22,29.22,29.03
20180901,29.09,28.92,28.92,28.82
20180902,29.21,29.13,29.13,29.07
20180903,29.23,29.13,29.13,29.07
20180904,29.22,29.12,29.12,29.09
20180905,28.93,28.91,28.91,28.88
20180906,28.96,29.01,29.01,28.98
20180907,29.06,29.04,29.04,29.08
20180908,28.67,28.52,28.52,28.56
20180909,28.7,28.42,28.42,28.66
20180910,28.9,28.66,28.66,28.77
20180911,29.31,29.48,29.48,29.5
20180912,29.52,29.97,29.97,29.79
20180913,29.58,29.83,29.83,29.65
20180914,29.81,30.09,30.09,29.87
20180915,29.91,30.23,30.23,29.98
20180916,29.64,30.11,30.11,29.74
20180917,29.59,30.11,30.11,29.67
20180918,29.62,30.1,30.1,29.66
20180919,29.61,30.04,30.04,29.69
20180920,29.61,30.03,30.03,29.83
20180921,29.52,29.9,29.9,29.6
20180922,29.51,29.81,29.81,29.4
20180923,29.43,29.6,29.6,29.27
20180924,29.11,29.24,29.24,28.99
20180925,29.4,29.65,29.65,29.41
20180926,29.43,29.68,29.68,29.52
20180927,29.03,29.29,29.29,29.18
20180928,28.9,29.01,29.01,28.86
20180929,28.79,28.78,28.78,28.69
20180930,28.48,28.46,28.46,28.46
20181001,28.5,28.41,28.41,28.42
20181002,28.43,28.33,28.33,28.37
20181003,28.18,28.1,28.1,28.14
20181004,28.18,28.03,28.03,28.21
20181005,28.1,27.8,27.8,28.01
20181006,28.02,27.7,27.7,27.83
20181007,28.03,27.69,27.69,27.83
20181008,28.2,27.9,27.9,28.01
20181009,28.35,27.97,27.97,28.18
20181010,27.94,27.59,27.59,27.81
20181011,27.92,27.68,27.68,27.91
20181012,28.1,28.11,28.11,28.24
20181013,28.34,28.49,28.49,28.55
20181014,28.46,28.59,28.59,28.59
20181015,28.45,28.61,28.61,28.51
20181016,28.34,28.51,28.51,28.41
20181017,28.17,28.19,28.19,28.21
20181018,28.43,28.37,28.37,28.45
20181019,28.26,28.13,28.13,28.21
20181020,28.12,27.97,27.97,28.06
20181021,28.19,28.07,28.07,28.13
20181022,28.22,28.11,28.11,28.19
20181023,28.73,28.71,28.71,28.67
20181024,29.04,28.89,28.89,28.69
20181025,28.61,28.4,28.4,28.37
20181026,28.34,28.08,28.08,28.15
20181027,28.2,28.02,28.02,28.14
20181028,28.02,27.67,27.67,27.93
20181029,27.75,27.17,27.17,27.71
20181030,27.63,26.67,26.67,27.4
20181031,27.44,26.38,26.38,27.09
20181101,27.12,26.07,26.07,26.8
20181102,26.65,25.69,25.69,26.25
20181103,27.5,26.65,26.65,27.64
20181104,28.12,27.55,27.55,28.18
20181105,28.08,27.71,27.71,28.08
20181106,27.76,27.36,27.36,27.63
20181107,27.85,27.51,27.51,27.72
20181108,27.91,27.71,27.71,27.8
20181109,27.86,27.61,27.61,27.75
20181110,27.88,27.65,27.65,27.8
20181111,27.8,27.67,27.67,27.81
20181112,27.58,27.42,27.42,27.61
20181113,27.57,27.32,27.32,27.56
20181114,27.69,27.51,27.51,27.7
20181115,28,27.9,27.9,28.05
20181116,27.69,27.37,27.37,27.6
20181117,27.3,26.64,26.64,26.98
20181118,27.52,26.54,26.54,27
20181119,27.63,26.76,26.76,27.24
20181120,27.62,26.84,26.84,27.33
20181121,27.72,27.07,27.07,27.39
20181122,27.57,26.8,26.8,27.34
20181123,27.45,26.59,26.59,27.3
20181124,27.45,26.72,26.72,27.33
20181125,26.87,26.2,26.2,26.94
20181126,27.01,26.6,26.6,27.24
20181127,27.32,27.16,27.16,27.53
20181128,26.82,26.49,26.49,26.92
20181129,27.01,26.53,26.53,27.12
20181130,27.18,26.59,26.59,27.15
20181201,27,26.13,26.13,26.77
20181202,27.18,26.2,26.2,27
20181203,27.34,26.58,26.58,27.29
20181204,27.32,26.86,26.86,27.41
20181205,26.92,26.62,26.62,27.01
20181206,26.37,25.6,25.6,26.15
20181207,26.52,25.26,25.26,25.93
20181208,26.29,24.91,24.91,26.08
20181209,26.41,25.01,25.01,26.24
20181210,26.13,24.72,24.72,25.84
20181211,25.98,24.44,24.44,25.51
20181212,26.36,24.87,24.87,25.81
20181213,26.39,24.97,24.97,25.76
20181214,25.98,24.46,24.46,25.43
20181215,25.92,24.58,24.58,25.36
20181216,26.17,24.91,24.91,25.64
20181217,26.03,24.94,24.94,25.67
20181218,25.85,24.59,24.59,25.59
20181219,25.64,24.42,24.42,25.51
20181220,25.6,24.56,24.56,25.81
20181221,25.48,24.48,24.48,25.64
20181222,25.36,24.3,24.3,25.69
20181223,25.14,23.73,23.73,24.99
20181224,25.36,23.77,23.77,24.9
20181225,25.72,24.21,24.21,25.21
20181226,25.8,24.58,24.58,25.47
20181227,25.68,24.89,24.89,25.74
20181228,25.64,25.08,25.08,25.73
20181229,26.23,25.82,25.82,26.16
20181230,26.39,25.93,25.93,26.32
20181231,26.04,25.88,25.88,26.22
20190101,25.82,25.58,25.58,26.04
20190102,25.99,25.77,25.77,26.14
20190103,26.28,26.22,26.22,26.46
20190104,26.27,26.21,26.21,26.45
20190105,25.97,25.82,25.82,26.18
20190106,25.81,25.46,25.46,26.01
20190107,25.92,25.38,25.38,25.85
20190108,26.16,25.42,25.42,25.9
20190109,26.24,25.42,25.42,25.96
20190110,26.36,25.3,25.3,25.99
20190111,25.62,24.41,24.41,25.16
20190112,25.35,24.03,24.03,24.71
20190113,25.4,24.17,24.17,24.74
20190114,25.42,24.33,24.33,24.82
20190115,24.99,23.96,23.96,24.49
20190116,24.62,23.5,23.5,24.27
20190117,24.57,23.18,23.18,24.16
20190118,24.94,23.69,23.69,24.56
20190119,25.29,24.22,24.22,25.06
20190120,25.42,24.56,24.56,25.37
20190121,24.85,23.8,23.8,24.78
20190122,24.76,23.04,23.04,23.78
20190123,25.07,23.24,23.24,24.22
20190124,25.89,24.2,24.2,25.06
20190125,25.83,24.34,24.34,25.27
20190126,25.3,24.04,24.04,24.77
20190127,25.45,24.28,24.28,25.02
20190128,24.37,22.7,22.7,23.55
20190129,23.84,21.86,21.86,23.09
20190130,24.01,22.05,22.05,23.31
20190131,24.39,22.57,22.57,23.9
20190201,24.13,22.75,22.75,23.97
20190202,24.45,23.46,23.46,24.33
20190203,24.86,24.38,24.38,25.22
20190204,25.29,24.99,24.99,25.43
20190205,25.56,25.17,25.17,25.26
20190206,25.47,25.07,25.07,25.17
20190207,25.26,24.88,24.88,24.94
20190208,24.84,24.41,24.41,24.65
20190209,25.05,24.52,24.52,24.78
20190210,25.22,24.56,24.56,24.8
20190211,25.33,24.85,24.85,25.19
20190212,25.36,25.11,25.11,25.35
20190213,25.37,25.15,25.15,25.25
20190214,25.46,25.01,25.01,25.28
20190215,25.51,24.86,24.86,25.31
20190216,25.94,25.24,25.24,25.65
20190217,26.12,25.62,25.62,25.89
20190218,26.08,25.81,25.81,25.97
20190219,26.21,26.12,26.12,26.13
20190220,26.09,25.99,25.99,25.94
20190221,25.8,25.62,25.62,25.59
20190222,25.72,25.54,25.54,25.52
20190223,25.61,25.37,25.37,25.53
20190224,25.58,25.41,25.41,25.64
20190225,25.76,25.56,25.56,25.74
20190226,25.87,25.73,25.73,25.87
20190227,26.18,26.04,26.04,26.04
20190228,26.2,26.09,26.09,26.09
20190301,26.2,26.1,26.1,26.08
20190302,26.36,26.34,26.34,26.3
20190303,26.41,26.52,26.52,26.46
20190304,26.36,26.41,26.41,26.44
20190305,26.25,26.36,26.36,26.33
20190306,26.1,26.2,26.2,26.2
20190307,25.57,25.12,25.12,25.5
20190308,25.76,25.02,25.02,25.68
20190309,25.69,25.08,25.08,25.52
20190310,25.73,25.41,25.41,25.68
20190311,25.76,25.58,25.58,25.73
20190312,25.89,25.86,25.86,26.03
20190313,25.83,25.88,25.88,25.98
20190314,25.68,25.76,25.76,25.92
20190315,25.63,25.73,25.73,25.94
20190316,25.75,25.86,25.86,26.04
20190317,25.85,25.93,25.93,26.13
20190318,26.31,26.31,26.31,26.37
20190319,26.35,26.34,26.34,26.4
20190320,25.91,25.56,25.56,25.71
20190321,26.08,25.46,25.46,25.74
20190322,26.07,25.34,25.34,25.72
20190323,25.98,25.36,25.36,25.77
20190324,25.87,25.07,25.07,25.59
20190325,25.91,25.25,25.25,25.66
20190326,25.86,25.37,25.37,25.75
20190327,25.68,25.47,25.47,25.69
20190328,25.47,25.1,25.1,25.32
20190329,25.42,24.84,24.84,25.19
20190330,25.32,24.6,24.6,25.05
20190331,25.38,24.94,24.94,25.43
20190401,25.71,25.5,25.5,25.83
20190402,25.75,25.61,25.61,25.84
20190403,25.86,25.76,25.76,25.87
20190404,25.74,25.64,25.64,25.69
20190405,25.68,25.73,25.73,25.76
20190406,25.86,25.94,25.94,25.92
20190407,25.91,25.94,25.94,25.85
20190408,26.12,26.39,26.39,26.21
20190409,26.28,26.6,26.6,26.42
20190410,25.91,25.94,25.94,25.89
20190411,25.84,25.67,25.67,25.78
20190412,26.2,26.03,26.03,26.22
20190413,26.35,26.31,26.31,26.47
20190414,26.48,26.39,26.39,26.44
20190415,26.45,26.52,26.52,26.53
20190416,26.41,26.55,26.55,26.52
20190417,26.4,26.49,26.49,26.44
20190418,26.5,26.43,26.43,26.38
20190419,26.58,26.44,26.44,26.37
20190420,26.11,25.95,25.95,25.96
20190421,26,25.74,25.74,25.93
20190422,26.07,25.74,25.74,25.98
20190423,26.09,25.73,25.73,26.01
20190424,25.88,25.43,25.43,25.75
20190425,26.05,25.79,25.79,26.06
20190426,26.05,25.87,25.87,26.08
20190427,26.03,25.89,25.89,25.99
20190428,26.36,26.54,26.54,26.46
20190429,26.34,26.62,26.62,26.59
20190430,26.31,26.28,26.28,26.33
20190501,26.35,26.26,26.26,26.41
20190502,26.79,26.73,26.73,26.89
20190503,26.96,26.87,26.87,26.99
20190504,27.31,27.16,27.16,27.28
20190505,27.54,27.31,27.31,27.49
20190506,27.57,27.25,27.25,27.47
20190507,27.77,27.59,27.59,27.77
20190508,27.71,27.76,27.76,27.94
20190509,27.67,27.96,27.96,27.88
20190510,27.68,27.94,27.94,27.86
20190511,27.74,28.12,28.12,27.95
20190512,27.81,28.13,28.13,27.88
20190513,27.9,28.09,28.09,28.01
20190514,27.88,28.22,28.22,28.19
20190515,27.99,28.39,28.39,28.35
20190516,27.36,27.62,27.62,27.53
20190517,27.38,27.49,27.49,27.44
20190518,27.47,27.57,27.57,27.44
20190519,27.73,27.9,27.9,27.83
20190520,27.82,27.95,27.95,27.86
20190521,27.71,27.83,27.83,27.75
20190522,27.55,27.67,27.67,27.62
20190523,27.51,27.67,27.67,27.57
20190524,27.35,27.48,27.48,27.43
20190525,27.25,27.17,27.17,27.23
20190526,27.08,26.84,26.84,26.95
20190527,27.15,26.98,26.98,27.07
20190528,27.35,27.35,27.35,27.34
20190529,27.59,27.68,27.68,27.57
20190530,27.75,27.87,27.87,27.83
20190531,27.88,28.04,28.04,27.98
20190601,28.35,28.57,28.57,28.37
20190602,28.9,29.34,29.34,28.94
20190603,29.6,29.95,29.95,29.36
20190604,29.99,30.21,30.21,29.62
20190605,29.22,29.69,29.69,29.25
20190606,29.07,29.52,29.52,29.05
20190607,29.2,29.66,29.66,29.25
20190608,29.1,29.6,29.6,29.22
20190609,28.86,29.27,29.27,28.93
20190610,28.98,29.11,29.11,28.89
20190611,29.31,29.38,29.38,29.33
20190612,29.41,29.53,29.53,29.42
20190613,29.43,29.38,29.38,29.22
20190614,29.33,29.22,29.22,29.09
20190615,29.06,29.08,29.08,28.83
20190616,29.22,29.27,29.27,29.09
20190617,29.04,29.18,29.18,29.15
20190618,29.13,29.15,29.15,29.11
20190619,29.17,29.18,29.18,29.14
20190620,29.18,29.17,29.17,29.11
20190621,29.27,29.38,29.38,29.24
20190622,29.59,29.82,29.82,29.58
20190623,29.75,30.14,30.14,29.94
20190624,30.01,30.54,30.54,30.29
20190625,30.15,30.65,30.65,30.33
20190626,29.9,30.35,30.35,29.99
20190627,29.61,29.96,29.96,29.67
20190628,29.08,29.52,29.52,29.15
20190629,29,29.1,29.1,28.68
20190630,29.54,29.52,29.52,29.19
20190701,29.38,29.56,29.56,29.38
20190702,29.02,29.48,29.48,29.38
20190703,28.92,29.29,29.29,29.2
20190704,29.13,29.39,29.39,29.2
20190705,29.32,29.9,29.9,29.62
20190706,29.43,29.98,29.98,29.85
20190707,29.51,30.03,30.03,29.86
20190708,29.59,30.03,30.03,29.8
20190709,29.51,29.96,29.96,29.71
20190710,29.66,30.11,30.11,29.93
20190711,29.91,30.21,30.21,30.11
20190712,29.88,30.14,30.14,30.04
20190713,29.34,29.53,29.53,29.43
20190714,29.25,29.29,29.29,29.22
20190715,29.13,29.22,29.22,29.04
20190716,29.17,29.24,29.24,29.11
20190717,29.32,29.44,29.44,29.33
20190718,29.34,29.56,29.56,29.37
20190719,29.37,29.59,29.59,29.42
20190720,29.41,29.58,29.58,29.39
20190721,29.58,29.65,29.65,29.46
20190722,29.72,29.8,29.8,29.55
20190723,30.13,30.16,30.16,29.95
20190724,30.24,30.15,30.15,30.09
20190725,30.25,30.17,30.17,30.09
20190726,30.23,30.02,30.02,29.94
20190727,30.15,30.25,30.25,30.1
20190728,30.12,30.34,30.34,30.09
20190729,30.23,30.53,30.53,30.27
20190730,30.05,30.27,30.27,30.05
20190731,30.14,30.48,30.48,30.12
20190801,30.38,30.75,30.75,30.33
20190802,30.46,30.91,30.91,30.44
20190803,30.46,30.97,30.97,30.44
20190804,30.53,31.08,31.08,30.45
20190805,30.6,31.16,31.16,30.49
20190806,30.4,30.92,30.92,30.34
20190807,30.21,30.53,30.53,30.18
20190808,30.54,30.77,30.77,30.46
20190809,30.65,30.81,30.81,30.57
20190810,30.73,30.97,30.97,30.65
20190811,30.93,31.14,31.14,30.92
20190812,30.69,31.03,31.03,30.59
20190813,30.92,31.32,31.32,30.87
20190814,31.14,31.55,31.55,30.89
20190815,31.47,31.92,31.92,31.33
20190816,31.02,31.29,31.29,30.96
20190817,30.53,30.81,30.81,30.44
20190818,30.14,30.5,30.5,30.01
20190819,30.13,30.48,30.48,29.93
20190820,30.4,30.7,30.7,30.06
20190821,30.35,30.51,30.51,29.78
20190822,29.84,29.97,29.97,29.36
20190823,29.94,30.05,30.05,29.39
20190824,29.9,29.92,29.92,29.53
20190825,29.97,30.17,30.17,29.87
20190826,29.96,30.2,30.2,30.09
20190827,30.09,30.29,30.29,30.22
20190828,30.11,30.26,30.26,30.2
20190829,30.17,30.42,30.42,30.29
20190830,30,30.14,30.14,30
20190831,29.91,29.98,29.98,29.97
20190901,29.7,29.72,29.72,29.84
20190902,29.59,29.63,29.63,29.75
20190903,28.93,29.07,29.07,29.01
20190904,29.05,29.23,29.23,29.38
20190905,29.52,29.62,29.62,29.71
20190906,29.93,30.02,30.02,30
20190907,30.23,30.29,30.29,30.33
20190908,30.17,30.33,30.33,30.36
20190909,30.11,30.25,30.25,30.22
20190910,29.77,29.95,29.95,29.94
20190911,29.6,29.7,29.7,29.62
20190912,29.54,29.54,29.54,29.48
20190913,29.33,29.3,29.3,29.31
20190914,29.08,28.99,28.99,29.11
20190915,29,29.05,29.05,29.17
20190916,29.5,29.6,29.6,29.58
20190917,29.87,29.99,29.99,29.79
20190918,29.78,29.88,29.88,29.75
20190919,29.4,29.31,29.31,29.24
20190920,29.22,28.93,28.93,28.9
20190921,28.89,28.61,28.61,28.74
20190922,28.58,28.45,28.45,28.53
20190923,28.8,28.52,28.52,28.81
20190924,28.74,28.39,28.39,28.8
20190925,28.55,28.17,28.17,28.73
20190926,28.62,28.39,28.39,28.85
20190927,28.54,28.38,28.38,28.67
20190928,28.5,28.46,28.46,28.69
20190929,28.55,28.52,28.52,28.66
20190930,28.51,28.46,28.46,28.58
20191001,28.5,28.44,28.44,28.54
20191002,28.38,28.27,28.27,28.35
20191003,28.22,28.06,28.06,28.14
20191004,28.3,28.23,28.23,28.31
20191005,28.51,28.52,28.52,28.54
20191006,28.41,28.44,28.44,28.54
20191007,28.15,28.15,28.15,28.25
20191008,28.26,28.21,28.21,28.32
20191009,28.56,28.41,28.41,28.52
20191010,28.75,28.51,28.51,28.68
20191011,28.7,28.59,28.59,28.76
20191012,28.58,28.34,28.34,28.43
20191013,28.63,28.37,28.37,28.46
20191014,28.68,28.57,28.57,28.66
20191015,28.7,28.68,28.68,28.81
20191016,28.8,28.87,28.87,28.99
20191017,28.86,28.97,28.97,29.07
20191018,28.88,28.98,28.98,29.08
20191019,29.28,29.33,29.33,29.48
20191020,29.41,29.47,29.47,29.57
20191021,29.41,29.49,29.49,29.54
20191022,29.29,29.42,29.42,29.31
20191023,29.18,29.3,29.3,29.22
20191024,28.94,29.04,29.04,28.97
20191025,28.85,28.77,28.77,28.87
20191026,28.9,28.81,28.81,29.03
20191027,28.87,28.77,28.77,28.9
20191028,28.87,28.81,28.81,28.87
20191029,28.72,28.62,28.62,28.75
20191030,28.72,28.54,28.54,28.66
20191031,28.88,28.71,28.71,28.85
20191101,28.9,28.75,28.75,28.89
20191102,28.83,28.71,28.71,28.87
20191103,28.82,28.66,28.66,28.9
20191104,28.86,28.74,28.74,28.91
20191105,28.77,28.64,28.64,28.78
20191106,28.51,28.26,28.26,28.49
20191107,28.42,28.16,28.16,28.33
20191108,28.51,28.22,28.22,28.29
20191109,28.43,28.08,28.08,28.23
20191110,28.08,27.38,27.38,27.44
20191111,27.87,26.99,26.99,27.34
20191112,27.66,26.61,26.61,27.15
20191113,27.33,26.48,26.48,27.06
20191114,27.47,26.7,26.7,27.5
20191115,27.26,26.6,26.6,27.36
20191116,27.62,26.8,26.8,27.42
20191117,27.6,26.74,26.74,27.44
20191118,27.69,26.38,26.38,27.13
20191119,27.44,26.21,26.21,26.86
20191120,27.35,26.33,26.33,26.96
20191121,27.42,26.28,26.28,27.14
20191122,27.07,25.56,25.56,26.43
20191123,27.39,26.21,26.21,26.87
20191124,27.04,26.39,26.39,26.92
20191125,26.68,26.1,26.1,26.5
20191126,26.65,25.96,25.96,26.57
20191127,26.65,25.99,25.99,26.72
20191128,26.99,26.43,26.43,27.01
20191129,27.17,26.69,26.69,27.11
20191130,27,26.28,26.28,26.77
20191201,26.9,26.25,26.25,26.76
20191202,26.71,26.14,26.14,26.6
20191203,26.76,26.21,26.21,26.78
20191204,26.82,26.27,26.27,26.93
20191205,26.7,25.92,25.92,26.57
20191206,26.8,25.64,25.64,26.27
20191207,26.72,25.68,25.68,26.46
20191208,26.7,25.58,25.58,26.47
20191209,26.02,24.8,24.8,26.12
20191210,26.08,25.2,25.2,26.29
20191211,26.48,26.09,26.09,26.67
20191212,26.68,26.59,26.59,26.95
20191213,26.82,26.76,26.76,27.01
20191214,26.84,26.43,26.43,26.65
20191215,26.73,26.14,26.14,26.6
20191216,26.53,25.81,25.81,26.4
20191217,26.31,25.9,25.9,26.63
20191218,26.05,25.75,25.75,26.51
20191219,25.99,25.59,25.59,26.24
20191220,25.87,25.14,25.14,25.62
20191221,26.69,25.2,25.2,25.66
20191222,26.65,25.18,25.18,25.56
20191223,26.16,24.72,24.72,25.27
20191224,25.88,24.36,24.36,25.02
20191225,25.76,24.08,24.08,24.92
20191226,25.67,24.03,24.03,24.84
20191227,25.47,24.19,24.19,24.98
20191228,25.63,24.72,24.72,25.42
20191229,26.04,25.1,25.1,25.8
20191230,26.27,25.78,25.78,26.17
20191231,26.32,25.95,25.95,26.13
20200101,26.12,25.58,25.58,25.79
20200102,25.57,25.11,25.11,25.4
20200103,25.62,25.3,25.3,25.78
20200104,25.78,25.49,25.49,25.89
20200105,25.9,25.53,25.53,25.86
20200106,25.81,25.03,25.03,25.51
20200107,25.57,24.42,24.42,25.29
20200108,25.6,24.48,24.48,25.29
20200109,25.59,24.1,24.1,24.83
20200110,25.12,23.59,23.59,24.45
20200111,25.47,24.31,24.31,25.13
20200112,25.72,24.97,24.97,25.45
20200113,25.79,25.36,25.36,25.78
20200114,25.62,25.09,25.09,25.8
20200115,25.95,25.42,25.42,25.91
20200116,26.02,25.48,25.48,25.89
20200117,26.29,25.85,25.85,26.26
20200118,25.95,25.42,25.42,25.88
20200119,25.64,24.95,24.95,25.65
20200120,25.75,25.21,25.21,25.78
20200121,26.12,25.72,25.72,26.15
20200122,26.06,25.73,25.73,26.01
20200123,25.62,25.13,25.13,25.61
20200124,25.17,24.58,24.58,25.28
20200125,25.66,24.91,24.91,25.66
20200126,25.59,24.52,24.52,25.23
20200127,25.36,23.96,23.96,24.96
20200128,25.49,24.04,24.04,25.13
20200129,25.77,24.35,24.35,25.36
20200130,25.71,24.38,24.38,25.31
20200131,25.97,24.75,24.75,25.56
20200201,26.22,24.8,24.8,25.45
20200202,25.93,24.47,24.47,25.07
20200203,25.67,24.18,24.18,24.84
20200204,25.4,23.8,23.8,24.66
20200205,25.26,23.78,23.78,24.93
20200206,25.47,24.46,24.46,25.35
20200207,25.84,24.87,24.87,25.63
20200208,25.77,24.82,24.82,25.62
20200209,26.27,24.78,24.78,25.38
20200210,26.46,25.01,25.01,25.31
20200211,26.05,25.09,25.09,25.58
20200212,25.88,25.1,25.1,25.64
20200213,26.15,25.57,25.57,26
20200214,26.24,25.71,25.71,26.13
20200215,26.43,25.98,25.98,26.35
20200216,26.83,26.46,26.46,26.59
20200217,26.87,26.59,26.59,26.6
20200218,26.68,26.51,26.51,26.67
20200219,26.55,26.42,26.42,26.51
20200220,26.51,26.41,26.41,26.48
20200221,26.6,26.63,26.63,26.64
20200222,26.56,26.03,26.03,26.14
20200223,26.42,25.55,25.55,25.91
20200224,26.14,24.91,24.91,25.33
20200225,26.12,25.24,25.24,25.6
20200226,26.53,25.76,25.76,26.08
20200227,26.42,25.69,25.69,26.11
20200228,26.4,25.55,25.55,26.21
20200229,26.35,25.71,25.71,26.46
20200301,25.82,24.76,24.76,25.67
20200302,25.46,24.39,24.39,25.07
20200303,25.66,24.99,24.99,25.55
20200304,25.79,25.21,25.21,25.75
20200305,25.9,25.37,25.37,25.98
20200306,25.87,25.31,25.31,25.75
20200307,25.9,25.27,25.27,25.57
20200308,25.97,25.3,25.3,25.59
20200309,25.81,25.12,25.12,25.44
20200310,25.45,24.7,24.7,24.86
20200311,25.42,24.7,24.7,24.96
20200312,25.47,24.65,24.65,24.79
20200313,25.38,24.86,24.86,25.06
20200314,25.48,25.2,25.2,25.46
20200315,25.76,25.48,25.48,25.76
20200316,25.84,25.59,25.59,25.85
20200317,25.7,25.52,25.52,25.71
20200318,25.56,25.53,25.53,25.56
20200319,25.45,25.43,25.43,25.55
20200320,25.6,25.55,25.55,25.73
20200321,25.55,25.64,25.64,25.76
20200322,25.65,25.59,25.59,25.66
20200323,25.71,25.49,25.49,25.5
20200324,25.52,25.24,25.24,25.36
20200325,25.61,25.38,25.38,25.42
20200326,25.53,25.41,25.41,25.6
20200327,25.64,25.57,25.57,25.69
20200328,25.65,25.62,25.62,25.7
20200329,25.35,25.25,25.25,25.48
20200330,25.62,25.53,25.53,25.67
20200331,26.11,26.1,26.1,26.29
20200401,26.12,25.92,25.92,26.13
20200402,26.03,25.61,25.61,25.88
20200403,25.85,25.39,25.39,25.85
20200404,26.03,25.61,25.61,26.03
20200405,26.19,25.9,25.9,26.21
20200406,26.14,25.9,25.9,26.38
20200407,26.19,25.96,25.96,26.49
20200408,26.64,26.5,26.5,26.83
20200409,27.17,27.3,27.3,27.32
20200410,27.32,27.39,27.39,27.27
20200411,27.52,27.68,27.68,27.51
20200412,27.51,27.69,27.69,27.59
20200413,27.58,27.84,27.84,27.71
20200414,27.66,27.94,27.94,27.76
20200415,27.64,27.92,27.92,27.82
20200416,27.73,28.23,28.23,28.06
20200417,27.98,28.48,28.48,28.27
20200418,28.25,28.81,28.81,28.6
20200419,28.21,28.61,28.61,28.38
20200420,28,28.45,28.45,28.2
20200421,27.77,28.3,28.3,28.07
20200422,27.77,28.2,28.2,27.98
20200423,27.73,28.05,28.05,27.8
20200424,27.35,27.55,27.55,27.36
20200425,27.67,27.79,27.79,27.47
20200426,27.84,28.06,28.06,27.75
20200427,27.91,27.99,27.99,27.73
20200428,27.88,27.84,27.84,27.65
20200429,27.7,27.55,27.55,27.56
20200430,27.38,27.07,27.07,27.33
20200501,27.11,26.75,26.75,27.09
20200502,27.08,26.64,26.64,26.96
20200503,27.1,26.65,26.65,26.96
20200504,27.17,26.87,26.87,27.21
20200505,27.27,27.13,27.13,27.29
20200506,27.42,27.32,27.32,27.44
20200507,27.53,27.45,27.45,27.63
20200508,27.44,27.14,27.14,27.46
20200509,27.37,27.13,27.13,27.37
20200510,27.4,27.13,27.13,27.38
20200511,27.14,26.94,26.94,26.98
20200512,27.16,26.91,26.91,27.04
20200513,27,26.56,26.56,26.66
20200514,26.9,26.44,26.44,26.66
20200515,27.25,26.75,26.75,27.04
20200516,27.39,26.89,26.89,27.22
20200517,27.76,27.33,27.33,27.61
20200518,27.85,27.53,27.53,27.83
20200519,27.91,27.72,27.72,28.06
20200520,27.77,27.58,27.58,27.89
20200521,28.05,27.89,27.89,27.96
20200522,28.45,28.42,28.42,28.37
20200523,28.53,28.62,28.62,28.58
20200524,27.9,27.99,27.99,27.74
20200525,27.93,27.95,27.95,27.59
20200526,29.02,28.92,28.92,28.8
20200527,28.42,28.38,28.38,28.41
20200528,28.39,28.45,28.45,28.52
20200529,28.68,28.76,28.76,28.69
20200530,28.7,28.84,28.84,28.71
20200531,28.44,28.67,28.67,28.53
20200601,28.42,28.7,28.7,28.47
20200602,28.83,29.1,29.1,28.94
20200603,28.9,29.25,29.25,29.23
20200604,29.07,29.4,29.4,29.44
20200605,28.8,29.16,29.16,29.22
20200606,28.68,28.97,28.97,28.94
20200607,28.55,28.79,28.79,28.71
20200608,28.98,29.09,29.09,29.12
20200609,29.23,29.13,29.13,29.22
20200610,28.94,28.84,28.84,28.99
20200611,28.23,28.37,28.37,28.39
20200612,28.31,28.49,28.49,28.42
20200613,28.31,28.45,28.45,28.38
20200614,28.34,28.47,28.47,28.4
20200615,28.56,28.71,28.71,28.72
20200616,28.69,28.89,28.89,28.89
20200617,28.75,28.98,28.98,29.12
20200618,28.77,29.02,29.02,29.13
20200619,28.59,28.85,28.85,28.95
20200620,28.47,28.86,28.86,28.95
20200621,28.97,29.14,29.14,29.12
20200622,29.07,29.22,29.22,29.04
20200623,29.15,29.28,29.28,29.13
20200624,29.19,29.32,29.32,29.18
20200625,29.25,29.33,29.33,29.2
20200626,29.25,29.45,29.45,29.33
20200627,29.15,29.35,29.35,29.26
20200628,28.89,29.08,29.08,29.08
20200629,28.83,29.16,29.16,29.01
20200630,29.8,30.18,30.18,29.92
20200701,30.04,30.45,30.45,29.91
20200702,29.86,30.22,30.22,29.7
20200703,30.19,30.59,30.59,30.2
20200704,30.47,30.8,30.8,30.45
20200705,30.5,30.82,30.82,30.52
20200706,30.53,30.82,30.82,30.51
20200707,30.74,31.11,31.11,30.71
20200708,30.73,31.15,31.15,30.8
20200709,30.65,31.1,31.1,30.81
20200710,30.44,30.77,30.77,30.61
20200711,30.55,30.94,30.94,30.75
20200712,30.53,30.91,30.91,30.56
20200713,30.34,30.63,30.63,30.32
20200714,30.41,30.65,30.65,30.39
20200715,30.69,30.87,30.87,30.7
20200716,30.64,30.83,30.83,30.66
20200717,30.59,30.82,30.82,30.72
20200718,29.83,30,30,29.78
20200719,29.67,29.86,29.86,29.66
20200720,29.73,29.84,29.84,29.73
20200721,29.7,29.8,29.8,29.72
20200722,29.68,29.78,29.78,29.71
20200723,29.35,29.49,29.49,29.54
20200724,29.24,29.36,29.36,29.41
20200725,29.27,29.36,29.36,29.42
20200726,29.34,29.48,29.48,29.5
20200727,29.22,29.47,29.47,29.38
20200728,29.08,29.34,29.34,29.12
20200729,29.09,29.41,29.41,29.18
20200730,29.17,29.5,29.5,29.23
20200731,29.14,29.46,29.46,29.24
20200801,29.17,29.56,29.56,29.31
20200802,29.15,29.5,29.5,29.31
20200803,28.81,29.18,29.18,29.16
20200804,29.55,29.74,29.74,29.76
20200805,29.78,29.92,29.92,29.87
20200806,29.99,30.11,30.11,29.98
20200807,29.94,30.04,30.04,29.95
20200808,29.88,29.98,29.98,29.97
20200809,29.85,30.01,30.01,29.89
20200810,30.03,30.26,30.26,30.06
20200811,30.12,30.34,30.34,30.07
20200812,30.14,30.33,30.33,30.04
20200813,30.27,30.55,30.55,30.21
20200814,30.19,30.51,30.51,30.2
20200815,30.02,30.36,30.36,30.11
20200816,30.05,30.37,30.37,30.15
20200817,30.26,30.49,30.49,30.3
20200818,30.34,30.69,30.69,30.43
20200819,30.19,30.43,30.43,30.25
20200820,30.26,30.4,30.4,30.29
20200821,30.34,30.46,30.46,30.33
20200822,30.13,30.23,30.23,30.08
20200823,29.99,30.06,30.06,29.9
20200824,29.82,29.98,29.98,29.82
20200825,29.7,29.89,29.89,29.66
20200826,29.78,29.98,29.98,29.72
20200827,29.88,30.14,30.14,29.96
20200828,30,30.32,30.32,30.07
20200829,30.44,30.83,30.83,30.42
20200830,29.95,30.28,30.28,30.01
20200831,30.34,30.53,30.53,30.36
20200901,30.24,30.43,30.43,30.27
20200902,29.82,30.16,30.16,29.97
20200903,29.7,30,30,29.72
20200904,29.7,29.99,29.99,29.75
20200905,29.8,29.98,29.98,29.89
20200906,29.97,30.15,30.15,30
20200907,30.04,30.16,30.16,30.05
20200908,29.83,29.9,29.9,29.82
20200909,29.77,29.87,29.87,29.74
20200910,29.94,29.96,29.96,29.92
20200911,30.05,30.08,30.08,29.99
20200912,30.02,30.1,30.1,29.96
20200913,30.15,30.23,30.23,30.15
20200914,29.86,29.97,29.97,29.87
20200915,29.49,29.56,29.56,29.57
20200916,29.18,29.24,29.24,29.24
20200917,29.17,29.23,29.23,29.23
20200918,29.48,29.51,29.51,29.5
20200919,29.75,29.77,29.77,29.82
20200920,29.92,29.9,29.9,29.98
20200921,29.88,29.82,29.82,29.91
20200922,29.78,29.7,29.7,29.83
20200923,29.66,29.53,29.53,29.64
20200924,29.46,29.33,29.33,29.38
20200925,29.51,29.34,29.34,29.43
20200926,29.46,29.37,29.37,29.43
20200927,29.34,29.31,29.31,29.32
20200928,29.29,29.26,29.26,29.31
20200929,29.31,29.31,29.31,29.37
20200930,29.46,29.54,29.54,29.63
20201001,29.65,29.72,29.72,29.77
20201002,29.69,29.67,29.67,29.78
20201003,29.66,29.74,29.74,29.91
20201004,29.86,30.02,30.02,30.12
20201005,29.72,29.81,29.81,29.84
20201006,29.57,29.53,29.53,29.58
20201007,29.46,29.33,29.33,29.41
20201008,29.51,29.36,29.36,29.37
20201009,29.35,29.26,29.26,29.24
20201010,29.06,28.89,28.89,28.96
20201011,29.27,29.15,29.15,29.24
20201012,29.3,29.23,29.23,29.33
20201013,29.38,29.45,29.45,29.51
20201014,29.32,29.59,29.59,29.63
20201015,28.97,29.19,29.19,29.23
20201016,28.83,28.87,28.87,29.07
20201017,28.69,28.62,28.62,28.82
20201018,28.57,28.45,28.45,28.59
20201019,28.64,28.45,28.45,28.6
20201020,28.98,28.81,28.81,28.95
20201021,28.95,28.74,28.74,28.79
20201022,28.74,28.42,28.42,28.55
20201023,28.51,28.13,28.13,28.25
20201024,28.48,28.09,28.09,28.14
20201025,28.34,27.9,27.9,28.06
20201026,28.35,27.9,27.9,28.1
20201027,28.15,27.74,27.74,27.94
20201028,28.09,27.71,27.71,27.87
20201029,28.09,27.79,27.79,27.94
20201030,28.23,28.05,28.05,28.21
20201031,28.38,28.32,28.32,28.45
20201101,28.41,28.41,28.41,28.51
20201102,28.37,28.4,28.4,28.46
20201103,28.38,28.37,28.37,28.45
20201104,28.63,28.23,28.23,28.46
20201105,28.41,27.96,27.96,28.21
20201106,28.39,27.83,27.83,28.11
20201107,28.8,28.08,28.08,28.37
20201108,28.67,27.98,27.98,28.27
20201109,28.03,27.55,27.55,27.74
20201110,28.03,27.68,27.68,27.8
20201111,28.14,27.85,27.85,27.97
20201112,28.24,28.05,28.05,28.21
20201113,27.62,27.36,27.36,27.56
20201114,27.58,27.34,27.34,27.5
20201115,27.51,27.35,27.35,27.45
20201116,27.41,27.29,27.29,27.33
20201117,27.37,27.26,27.26,27.3
20201118,27.3,26.94,26.94,27.06
20201119,27.16,26.72,26.72,26.97
20201120,26.94,26.49,26.49,26.79
20201121,26.69,26.34,26.34,26.68
20201122,26.56,26.24,26.24,26.51
20201123,26.61,26.18,26.18,26.42
20201124,26.66,26.16,26.16,26.56
20201125,26.53,25.9,25.9,26.38
20201126,26.61,26.09,26.09,26.51
20201127,26.69,26.16,26.16,26.58
20201128,26.75,26.25,26.25,26.65
20201129,26.95,26.56,26.56,26.87
20201130,26.8,26.48,26.48,26.82
20201201,26.99,26.75,26.75,27.04
20201202,27.3,27.01,27.01,27.28
20201203,26.79,25.98,25.98,26.33
20201204,26.1,25.17,25.17,25.44
20201205,26.46,25.54,25.54,25.98
20201206,26.55,25.95,25.95,26.44
20201207,26.54,26.04,26.04,26.32
20201208,26.6,26.18,26.18,26.39
20201209,26.43,25.96,25.96,26.27
20201210,26.33,25.92,25.92,26.27
20201211,26.54,26.12,26.12,26.46
20201212,26.08,25.41,25.41,25.76
20201213,25.95,25.17,25.17,25.77
20201214,25.93,25.14,25.14,25.77
20201215,26.09,25.3,25.3,25.97
20201216,26.18,25.67,25.67,26.17
20201217,26.16,25.84,25.84,26.14
20201218,25.93,25.5,25.5,25.98
20201219,25.81,25.1,25.1,25.56
20201220,26.12,25.27,25.27,25.67
20201221,26.02,25.18,25.18,25.66
20201222,25.68,24.86,24.86,25.59
20201223,25.77,24.67,24.67,25.4
20201224,25.8,24.74,24.74,25.3
20201225,25.88,24.78,24.78,25.3
20201226,25.57,24.58,24.58,25.02
20201227,25.42,24.34,24.34,24.96
20201228,25.11,23.92,23.92,24.74
20201229,24.87,23.72,23.72,24.32
20201230,24.89,23.48,23.48,24.21
20201231,25.13,23.86,23.86,24.59
20210101,24.98,23.91,23.91,24.64
20210102,24.96,24.16,24.16,24.72
20210103,25.07,24.51,24.51,25.06
20210104,25.22,24.88,24.88,25.27
20210105,25.27,24.93,24.93,25.27
20210106,25.3,24.73,24.73,25.07
20210107,25.44,24.74,24.74,25.13
20210108,25.21,24.53,24.53,24.99
20210109,25.1,24.39,24.39,24.85
20210110,25.06,24.24,24.24,24.62
20210111,25.14,24.32,24.32,24.65
20210112,24.64,23.78,23.78,24.12
20210113,24.43,23.35,23.35,23.96
20210114,24.29,23.04,23.04,23.66
20210115,24.2,23.02,23.02,23.55
20210116,24.43,23.28,23.28,23.89
20210117,24.01,22.91,22.91,23.51
20210118,23.62,22.61,22.61,23.24
20210119,24.64,23.54,23.54,24.09
20210120,24.87,23.62,23.62,24.17
20210121,24.84,23.57,23.57,24.02
20210122,24.61,23.45,23.45,24.09
20210123,24.52,23.47,23.47,24.26
20210124,24.49,23.55,23.55,24.27
20210125,24.45,23.82,23.82,24.43
20210126,24.5,24,24,24.58
20210127,24.54,24.17,24.17,24.65
20210128,24.72,24.39,24.39,24.82
20210129,24.84,24.52,24.52,25.03
20210130,24.45,23.83,23.83,24.44
20210131,24.37,23.7,23.7,24.2
20210201,24.23,23.57,23.57,24.01
20210202,23.64,23.05,23.05,23.49
20210203,24.69,23.83,23.83,24.27
20210204,24.58,23.52,23.52,23.99
20210205,24.09,22.79,22.79,23.46
20210206,23.62,22.19,22.19,23.1
20210207,23.52,22.25,22.25,23.25
20210208,24.65,23.83,23.83,24.54
20210209,24.98,24.23,24.23,24.84
20210210,25.04,24.55,24.55,24.91
20210211,24.92,24.42,24.42,24.97
20210212,24.87,24.48,24.48,24.97
20210213,25.4,25.19,25.19,25.47
20210214,25.78,25.64,25.64,25.79
20210215,26.07,25.9,25.9,25.95
20210216,26.05,25.9,25.9,25.98
20210217,26.04,26.02,26.02,26.06
20210218,26.02,26.09,26.09,26.12
20210219,26.09,26.24,26.24,26.24
20210220,26.05,26.11,26.11,26.14
20210221,26.11,26.1,26.1,26.1
20210222,26.04,25.99,25.99,26.05
20210223,26.01,25.81,25.81,25.86
20210224,25.8,25.53,25.53,25.69
20210225,25.7,25.43,25.43,25.62
20210226,25.74,25.49,25.49,25.69
20210227,25.83,25.57,25.57,25.79
20210228,25.89,25.74,25.74,25.85
20210301,25.85,25.74,25.74,25.84
20210302,25.87,25.91,25.91,25.92
20210303,25.8,25.9,25.9,25.93
20210304,25.98,25.97,25.97,26.03
20210305,26.32,26.14,26.14,26.16
20210306,26.33,25.94,25.94,25.98
20210307,26.11,25.6,25.6,25.77
20210308,25.47,24.89,24.89,25.1
20210309,25.38,24.44,24.44,25
20210310,26.21,25.33,25.33,25.97
20210311,26.3,25.52,25.52,26.12
20210312,26.01,25.16,25.16,25.7
20210313,25.85,25,25,25.48
20210314,25.9,25.37,25.37,25.66
20210315,25.94,25.65,25.65,25.79
20210316,25.8,25.57,25.57,25.69
20210317,25.59,25.37,25.37,25.58
20210318,25.5,25.32,25.32,25.53
20210319,25.49,25.33,25.33,25.51
20210320,25.4,25.24,25.24,25.33
20210321,25.22,24.94,24.94,25.06
20210322,24.85,24.41,24.41,24.62
20210323,24.72,24.26,24.26,24.44
20210324,24.72,24.45,24.45,24.5
20210325,24.78,24.61,24.61,24.74
20210326,24.83,24.74,24.74,24.89
20210327,25.18,25.03,25.03,25.09
20210328,25.47,25.29,25.29,25.39
20210329,25.97,26.01,26.01,25.87
20210330,26.11,26.25,26.25,26.05
20210331,26.1,26.24,26.24,26.09
20210401,26.06,26.27,26.27,26.03
20210402,26.03,25.99,25.99,25.99
20210403,25.5,25.45,25.45,25.33
20210404,25.47,25.14,25.14,25
20210405,25.43,24.64,24.64,24.51
20210406,25.63,24.74,24.74,24.88
20210407,25.56,24.87,24.87,25.13
20210408,25.75,25.12,25.12,25.45
20210409,25.79,25.21,25.21,25.63
20210410,25.69,25.16,25.16,25.63
20210411,25.67,25.19,25.19,25.62
20210412,26.11,25.77,25.77,26.06
20210413,26.16,25.82,25.82,26.04
20210414,26.15,25.88,25.88,26.07
20210415,26.07,25.85,25.85,26.03
20210416,26.1,25.95,25.95,26.12
20210417,26.26,26.19,26.19,26.33
20210418,26.32,26.25,26.25,26.45
20210419,26.4,26.35,26.35,26.65
20210420,26.5,26.51,26.51,26.8
20210421,26.66,26.7,26.7,26.91
20210422,26.6,26.74,26.74,26.78
20210423,26.89,26.94,26.94,26.88
20210424,26.85,26.74,26.74,26.7
20210425,26.95,26.71,26.71,26.78
20210426,26.99,26.8,26.8,26.93
20210427,27,26.89,26.89,27.03
20210428,27.04,27,27,27.1
20210429,27.14,27.09,27.09,27.16
20210430,27.31,27.2,27.2,27.2
20210501,27.51,27.54,27.54,27.56
20210502,27.8,28.02,28.02,27.95
20210503,27.7,28.05,28.05,27.89
20210504,27.84,28.1,28.1,27.92
20210505,27.95,28.01,28.01,27.95
20210506,28.04,28.18,28.18,28.13
20210507,28.11,28.31,28.31,28.15
20210508,28.11,28.48,28.48,28.28
20210509,27.92,28.19,28.19,27.96
20210510,27.83,28.05,28.05,27.87
20210511,27.79,27.96,27.96,27.84
20210512,27.9,28.04,28.04,27.96
20210513,28.16,28.43,28.43,28.28
20210514,28.19,28.54,28.54,28.35
20210515,28.04,28.37,28.37,28.21
20210516,27.91,27.96,27.96,27.88
20210517,28,27.89,27.89,27.88
20210518,28.35,28.22,28.22,28.34
20210519,28.53,28.4,28.4,28.53
20210520,27.88,27.85,27.85,27.93
20210521,26.89,27.09,27.09,27.34
20210522,27.06,27.15,27.15,27.3
20210523,27.19,27.15,27.15,27.23
20210524,27.32,27.25,27.25,27.3
20210525,27.37,27.18,27.18,27.19
20210526,27.14,26.92,26.92,26.98
20210527,27.03,26.89,26.89,26.99
20210528,27.1,27,27,27.12
20210529,27.16,27.06,27.06,27.17
20210530,27.31,27.49,27.49,27.49
20210531,27.65,27.89,27.89,27.81
20210601,27.54,27.84,27.84,27.82
20210602,27.69,28.04,28.04,27.97
20210603,27.68,28.13,28.13,28.02
20210604,27.53,27.89,27.89,27.71
20210605,27.52,27.65,27.65,27.48
20210606,27.96,27.99,27.99,27.94
20210607,27.97,27.88,27.88,27.91
20210608,27.97,27.86,27.86,27.92
20210609,28.01,27.97,27.97,27.89
20210610,28.01,28.06,28.06,27.94
20210611,27.97,28.07,28.07,27.98
20210612,27.93,28.05,28.05,27.91
20210613,28.01,28.05,28.05,27.9
20210614,28.26,28.31,28.31,28.5
20210615,28.11,28.19,28.19,28.44
20210616,27.93,27.94,27.94,28.05
20210617,27.93,27.89,27.89,27.83
20210618,27.86,27.77,27.77,27.73
20210619,28.21,28.13,28.13,28.25
20210620,28.23,28.21,28.21,28.34
20210621,28.4,28.41,28.41,28.42
20210622,28.78,28.78,28.78,28.75
20210623,28.72,28.64,28.64,28.53
20210624,28.39,28.36,28.36,28.34
20210625,28.38,28.39,28.39,28.46
20210626,28.23,28.24,28.24,28.37
20210627,27.51,27.52,27.52,27.44
20210628,26.54,26.61,26.61,26.61
20210629,26.29,26.39,26.39,26.34
20210630,25.19,25.22,25.22,25.07
20210701,25.15,25.12,25.12,25.26
20210702,25.96,25.9,25.9,26.01
20210703,28.68,28.63,28.63,28.76
20210704,29,29.21,29.21,29.12
20210705,29.28,29.83,29.83,29.63
20210706,29.36,29.96,29.96,29.7
20210707,28.32,28.76,28.76,28.44
20210708,28.56,28.8,28.8,28.62
20210709,28.59,28.8,28.8,28.64
20210710,28.62,28.79,28.79,28.61
20210711,28.53,28.69,28.69,28.56
20210712,28.5,28.73,28.73,28.59
20210713,28.27,28.52,28.52,28.55
20210714,28.23,28.43,28.43,28.47
20210715,28.44,28.52,28.52,28.59
20210716,28.68,28.88,28.88,28.78
20210717,28.76,29.02,29.02,28.83
20210718,28.99,29.18,29.18,29.02
20210719,29.08,29.23,29.23,29.11
20210720,29.04,29.31,29.31,29.15
20210721,29.2,29.4,29.4,29.24
20210722,29.51,29.59,29.59,29.41
20210723,29.34,29.35,29.35,29.29
20210724,29.22,29.22,29.22,29.27
20210725,29.48,29.44,29.44,29.55
20210726,29.83,29.72,29.72,29.84
20210727,30.19,30.08,30.08,30.18
20210728,30.58,30.54,30.54,30.51
20210729,30.55,30.71,30.71,30.6
20210730,30.52,30.82,30.82,30.6
20210731,30.38,30.7,30.7,30.35
20210801,30.37,30.66,30.66,30.37
20210802,30.44,30.77,30.77,30.48
20210803,30.49,30.97,30.97,30.62
20210804,30.51,31,31,30.68
20210805,30.46,30.87,30.87,30.67
20210806,30.31,30.57,30.57,30.48
20210807,30.28,30.49,30.49,30.39
20210808,30.25,30.43,30.43,30.35
20210809,30.25,30.4,30.4,30.33
20210810,30.3,30.46,30.46,30.32
20210811,30.34,30.48,30.48,30.26
20210812,30.38,30.5,30.5,30.27
20210813,30.35,30.47,30.47,30.29
20210814,30.24,30.38,30.38,30.24
20210815,29.83,30.06,30.06,29.88
20210816,29.86,30.03,30.03,29.83
20210817,29.85,29.98,29.98,29.83
20210818,29.8,30.05,30.05,29.88
20210819,29.63,29.86,29.86,29.71
20210820,29.62,29.8,29.8,29.66
20210821,29.67,29.92,29.92,29.74
20210822,29.62,29.98,29.98,29.78
20210823,29.61,29.96,29.96,29.76
20210824,29.47,29.79,29.79,29.6
20210825,29.44,29.68,29.68,29.55
20210826,29.79,30.11,30.11,30.07
20210827,29.98,30.31,30.31,30.11
20210828,29.68,30,30,29.8
20210829,29.43,29.68,29.68,29.66
20210830,29.68,29.94,29.94,29.92
20210831,30.17,30.26,30.26,30.12
20210901,29.87,30.06,30.06,29.9
20210902,29.93,30.07,30.07,30.02
20210903,29.62,29.75,29.75,29.71
20210904,29.94,30.08,30.08,30.09
20210905,30.1,30.32,30.32,30.28
20210906,30.06,30.39,30.39,30.23
20210907,30.03,30.36,30.36,30.27
